No., BCV ,Position,Player,Team, Price , Weighted minutes , Weighted UPPM , PPG - longer term ,Fixture ratio,19,20,21,22,23,24,25,
1, (0.11),M,F�bio Vieira,ARS, 5.4 , 11.69 , 0.057 , 0.75 ,103%, 0.44 , 0.74 , 0.80 , 0.78 , 0.71 , 0.71 , 0.79 ,
2, 0.30 ,M,Saka,ARS, 9.0 , 87.60 , 0.062 , 5.42 ,103%, 5.89 , 5.36 , 5.84 , 5.65 , 5.15 , 5.13 , 5.74 ,
3, (0.11),M,Smith-Rowe,ARS, 5.5 , 16.00 , 0.056 , 0.90 ,103%, 0.98 , 0.89 , 0.97 , 0.94 , 0.85 , 0.85 , 0.95 ,
4, (0.11),M,Jorginho,ARS, 5.3 , 22.19 , 0.034 , 0.68 ,103%, 1.11 , 0.68 , 0.74 , 0.71 , 0.65 , 0.65 , 0.72 ,
5, (0.05),M,Trossard,ARS, 6.5 , 37.92 , 0.061 , 2.01 ,103%, 3.66 , 1.98 , 2.16 , 2.09 , 1.90 , 1.90 , 2.12 ,
6, 0.18 ,M,Martinelli,ARS, 7.7 , 73.70 , 0.057 , 4.17 ,103%, 4.87 , 4.12 , 4.49 , 4.34 , 3.96 , 3.94 , 4.41 ,
7, 0.25 ,M,Odegaard,ARS, 8.4 , 85.70 , 0.058 , 4.95 ,103%, 5.38 , 4.89 , 5.33 , 5.16 , 4.70 , 4.69 , 5.24 ,
8, (0.11),M,Nelson (Reiss),ARS, 4.8 , 4.00 , 0.054 , 0.22 ,103%, 0.23 , 0.21 , 0.23 , 0.22 , 0.20 , 0.20 , 0.23 ,
9, 0.05 ,M,Rice,ARS, 5.4 , 90.50 , 0.035 , 3.18 ,103%, 3.46 , 3.15 , 3.43 , 3.32 , 3.02 , 3.01 , 3.37 ,
10, (0.09),M,Partey,ARS, 4.8 , 39.97 , 0.032 , 1.55 ,103%, 0.69 , 1.09 , 1.67 , 1.61 , 1.47 , 1.46 , 1.64 ,
11, 0.01 ,M,Havertz,ARS, 7.1 , 47.66 , 0.055 , 3.38 ,103%, -   , 3.34 , 3.64 , 3.52 , 3.21 , 3.20 , 3.57 ,
12, (0.09),M,Tielemans,AVL, 5.6 , 41.43 , 0.039 , 1.87 ,103%, 0.89 , 1.87 , 1.72 , 1.77 , 2.08 , 1.98 , 1.85 ,
11, 0.03 ,M,Jacob Ramsey,AVL, 5.9 , 72.87 , 0.042 , 2.97 ,103%, 3.00 , 3.92 , 2.73 , 2.82 , 3.31 , 3.15 , 2.94 ,
12, (0.10),M,Kamara,AVL, 5.0 , 45.51 , 0.023 , 1.87 ,103%, -   , -   , 1.50 , 1.77 , 2.08 , 1.97 , 1.84 ,
13, 0.05 ,M,McGinn,AVL, 5.5 , 85.98 , 0.037 , 3.20 ,103%, 2.94 , 3.84 , 2.94 , 3.04 , 3.56 , 3.39 , 3.16 ,
14, 0.22 ,M,Douglas Luiz,AVL, 5.5 , 87.50 , 0.047 , 4.13 ,103%, 3.79 , 4.94 , 3.79 , 3.92 , 4.59 , 4.37 , 4.08 ,
15, 0.04 ,M,Bailey,AVL, 5.6 , 59.00 , 0.054 , 3.18 ,103%, 2.92 , 3.81 , 2.92 , 3.02 , 3.53 , 3.36 , 3.14 ,
16, (0.14),M,Coutinho,AVL, 5.8 , -   , 0.046 , -   ,103%, -   , -   , -   , -   , -   , -   , -   ,
17, (0.13),M,Buend�a,AVL, 6.0 , 7.93 , 0.047 , 1.93 ,103%, -   , -   , -   , -   , 0.79 , 1.50 , 1.91 ,
18, 0.02 ,M,Diaby,AVL, 6.6 , 60.00 , 0.051 , 3.06 ,103%, 2.81 , 3.67 , 2.81 , 2.90 , 3.40 , 3.24 , 3.02 ,
19, (0.11),M,Zaniolo,AVL, 5.4 , 23.99 , 0.038 , 0.90 ,103%, 0.83 , 1.08 , 0.83 , 0.86 , 1.00 , 0.96 , 0.89 ,
18, (0.04),M,Billing,BOU, 5.2 , 63.00 , 0.040 , 2.53 ,104%, 2.85 , 2.30 , 2.43 , 2.39 , 3.31 , 2.82 , 2.36 ,
19, (0.11),M,Sinisterra,BOU, 5.5 , 26.00 , 0.036 , 0.92 ,104%, 1.04 , 0.84 , 0.89 , 0.87 , 1.21 , 1.03 , 0.86 ,
20, (0.01),M,Christie,BOU, 5.0 , 79.50 , 0.035 , 2.78 ,104%, 3.13 , 2.53 , 2.67 , 2.63 , 3.64 , 3.10 , 2.59 ,
21, (0.06),M,Kluivert,BOU, 4.6 , 49.38 , 0.040 , 2.32 ,104%, 1.36 , 1.64 , 2.23 , 2.20 , 3.05 , 2.60 , 2.17 ,
22, (0.07),M,Cook (Lewis),BOU, 5.0 , 65.45 , 0.027 , 2.25 ,104%, 0.93 , 1.37 , 2.16 , 2.13 , 2.95 , 2.51 , 2.10 ,
23, (0.08),M,Dango Ouattara,BOU, 4.7 , 34.44 , 0.039 , 0.97 ,104%, 2.41 , 1.42 , 0.93 , 0.92 , 1.28 , 1.09 , 0.91 ,
24, 0.14 ,M,Tavernier,BOU, 5.4 , 79.50 , 0.045 , 3.61 ,104%, 4.07 , 3.28 , 3.46 , 3.41 , 4.73 , 4.03 , 3.37 ,
25, (0.11),M,Traore (Hamed),BOU, 4.7 , 1.00 , 0.038 , 0.04 ,104%, 0.04 , 0.03 , 0.04 , 0.04 , 0.05 , 0.04 , 0.04 ,
26, (0.11),M,Brooks (David),BOU, 4.8 , 9.00 , 0.050 , 0.45 ,104%, 0.51 , 0.41 , 0.44 , 0.43 , 0.60 , 0.51 , 0.42 ,
27, (0.09),M,Baptiste (Shandon),BRE, 4.5 , 23.00 , 0.038 , 0.88 ,104%, 0.99 , 0.83 , 1.07 , 0.81 , 0.74 , 0.87 , 1.21 ,
26, (0.02),M,Norgaard,BRE, 5.4 , 86.50 , 0.032 , 2.75 ,104%, 3.08 , 2.58 , 3.34 , 2.50 , 2.31 , 2.70 , 3.76 ,
27, (0.09),M,Schade,BRE, 5.3 , 28.18 , 0.051 , 2.36 ,104%, -   , 0.72 , 2.18 , 2.15 , 1.99 , 2.32 , 3.23 ,
28, (0.07),M,Damsgaard,BRE, 4.8 , 40.93 , 0.041 , 1.22 ,104%, 2.23 , 1.86 , 2.41 , 1.11 , 1.02 , 1.19 , 1.66 ,
29, (0.11),M,DaSilva,BRE, 4.7 , 9.13 , 0.042 , 0.76 ,104%, -   , -   , 0.46 , 0.70 , 0.64 , 0.75 , 1.05 ,
30, (0.03),M,Jensen,BRE, 5.4 , 65.34 , 0.039 , 2.86 ,104%, 1.98 , 2.38 , 3.47 , 2.60 , 2.40 , 2.81 , 3.91 ,
31, (0.03),M,Janelt,BRE, 5.3 , 82.13 , 0.032 , 2.53 ,104%, 3.03 , 2.53 , 3.07 , 2.31 , 2.13 , 2.49 , 3.47 ,
32, (0.17),M,Mbeumo,BRE, 6.8 , -   , 0.065 , 5.46 ,104%, -   , -   , -   , -   , -   , -   , -   ,
33, (0.14),M,Ansu Fati,BRI, 6.4 , 6.01 , 0.062 , 2.74 ,105%, -   , -   , -   , -   , 0.67 , 1.14 , 2.08 ,
34, (0.08),M,Lallana,BRI, 4.9 , 46.00 , 0.035 , 1.60 ,105%, 1.68 , 1.51 , 1.80 , 1.73 , 1.72 , 1.46 , 1.78 ,
35, 0.22 ,M,Gro�,BRI, 6.4 , 81.63 , 0.052 , 4.18 ,105%, 4.49 , 4.00 , 4.68 , 4.52 , 4.50 , 3.80 , 4.65 ,
36, (0.02),M,Adingra,BRI, 5.0 , 45.71 , 0.050 , 3.45 ,105%, 3.62 , 3.26 , -   , 0.93 , 2.04 , 2.35 , 3.84 ,
37, (0.07),M,Enciso,BRI, 5.1 , 17.92 , 0.070 , 1.82 ,105%, -   , -   , 1.02 , 3.41 , 3.40 , 1.66 , 2.03 ,
38, (0.10),M,Dahoud,BRI, 4.8 , 24.00 , 0.032 , 0.76 ,105%, 0.80 , 0.72 , 0.85 , 0.82 , 0.82 , 0.69 , 0.84 ,
39, (0.04),M,March,BRI, 6.1 , 31.65 , 0.054 , 3.88 ,105%, -   , -   , 1.51 , 2.91 , 4.18 , 3.53 , 4.32 ,
40, (0.07),M,Mitoma,BRI, 6.5 , 31.88 , 0.053 , 3.98 ,105%, 2.22 , 3.26 , -   , -   , 0.97 , 1.54 , 3.65 ,
41, (0.09),M,Milner,BRI, 4.8 , 34.00 , 0.030 , 1.02 ,105%, 1.07 , 0.96 , 1.14 , 1.10 , 1.10 , 0.93 , 1.13 ,
42, (0.06),M,Gilmour,BRI, 4.9 , 70.18 , 0.032 , 2.24 ,105%, 2.36 , 2.12 , 2.52 , 2.43 , 2.41 , 2.04 , 2.49 ,
43, (0.03),M,Brownhill,BUR, 4.7 , 87.00 , 0.032 , 2.74 ,94%, 2.60 , 2.43 , 3.35 , 1.92 , 3.09 , 2.22 , 2.37 ,
44, (0.03),M,Odobert,BUR, 5.0 , 66.75 , 0.041 , 2.69 ,94%, 2.86 , 2.38 , 3.28 , 1.88 , 3.03 , 2.17 , 2.32 ,
45, (0.06),M,Bruun Larsen,BUR, 4.9 , 45.00 , 0.049 , 2.23 ,94%, 2.11 , 1.98 , 2.72 , 1.56 , 2.51 , 1.80 , 1.92 ,
46, (0.11),M,Cullen,BUR, 5.0 , 28.59 , 0.025 , 0.76 ,94%, 0.47 , 0.68 , 0.93 , 0.53 , 0.86 , 0.62 , 0.66 ,
47, (0.07),M,Gudmundsson,BUR, 4.8 , 48.44 , 0.039 , 2.17 ,94%, 0.94 , 1.92 , 2.65 , 1.52 , 2.45 , 1.75 , 1.87 ,
48, (0.10),M,Redmond,BUR, 4.8 , 16.00 , 0.042 , 0.67 ,94%, 0.64 , 0.60 , 0.82 , 0.47 , 0.76 , 0.54 , 0.58 ,
49, (0.12),M,Koleosho,BUR, 4.9 , 0.75 , 0.043 , 2.94 ,94%, -   , -   , -   , -   , -   , -   , -   ,
50, (0.04),M,Berge,BUR, 4.7 , 83.00 , 0.032 , 2.69 ,94%, 2.55 , 2.39 , 3.29 , 1.88 , 3.04 , 2.18 , 2.32 ,
51, (0.10),M,Chukwuemeka,CHE, 4.2 , 10.69 , 0.031 , 0.38 ,99%, 0.20 , 0.41 , 0.42 , 0.30 , 0.42 , 0.35 , 0.26 ,
52, 0.06 ,M,Gallagher,CHE, 5.4 , 82.74 , 0.040 , 3.24 ,99%, 3.72 , 3.52 , 3.65 , 2.62 , 3.63 , 3.03 , 2.27 ,
53, (0.11),M,Maatsen,CHE, 5.1 , 15.50 , 0.034 , 0.41 ,99%, 1.04 , 0.45 , 0.47 , 0.33 , 0.46 , 0.39 , 0.29 ,
54, 0.11 ,M,Sterling (Raheem),CHE, 7.1 , 59.55 , 0.058 , 4.39 ,99%, -   , 4.75 , 5.15 , 3.69 , 4.93 , 4.11 , 3.08 ,
55, 0.09 ,M,Palmer,CHE, 5.6 , 57.75 , 0.055 , 3.89 ,99%, -   , 4.44 , 4.69 , 3.37 , 4.36 , 3.64 , 2.72 ,
56, (0.06),M,Fern�ndez (Enzo),CHE, 4.8 , 42.32 , 0.045 , 3.10 ,99%, -   , 1.21 , 2.53 , 2.51 , 3.47 , 2.90 , 2.17 ,
57, (0.04),M,Mudryk,CHE, 6.3 , 55.55 , 0.047 , 2.28 ,99%, 3.61 , 2.47 , 2.83 , 2.03 , 2.56 , 2.14 , 1.60 ,
58, (0.11),M,Madueke,CHE, 5.3 , 20.47 , 0.044 , 0.66 ,99%, 1.90 , 0.71 , 0.75 , 0.53 , 0.74 , 0.62 , 0.46 ,
59, (0.05),M,Moises Caicedo,CHE, 5.0 , 80.47 , 0.029 , 2.40 ,99%, 2.01 , 2.69 , 2.71 , 1.94 , 2.69 , 2.25 , 1.68 ,
60, (0.11),M,Lavia,CHE, 4.9 , 10.74 , 0.027 , 0.32 ,99%, 0.23 , 0.29 , 0.36 , 0.26 , 0.36 , 0.30 , 0.23 ,
61, 0.19 ,M,Olise,CPL, 5.8 , 83.47 , 0.050 , 4.11 ,98%, 3.78 , 4.45 , 3.09 , 5.35 , 3.69 , 4.35 , 3.78 ,
62, (0.08),M,Schlupp,CPL, 4.9 , 37.82 , 0.037 , 2.35 ,98%, 2.15 , 2.54 , -   , -   , 1.04 , 1.62 , 1.74 ,
63, (0.03),M,Lerma,CPL, 4.7 , 83.70 , 0.032 , 2.65 ,98%, 2.43 , 2.86 , 1.91 , 3.31 , 2.38 , 2.80 , 2.43 ,
64, 0.22 ,M,Eze,CPL, 6.0 , 81.26 , 0.054 , 4.49 ,98%, 3.57 , 4.84 , 3.32 , 5.74 , 4.03 , 4.75 , 4.12 ,
65, (0.10),M,Doucour� (Cheick),CPL, 4.9 , 29.81 , 0.027 , 2.12 ,98%, 0.74 , 1.46 , -   , -   , 0.61 , 1.43 , 1.74 ,
66, (0.05),M,Ayew (Jordan),CPL, 5.4 , 49.03 , 0.039 , 3.22 ,98%, 2.95 , 3.48 , -   , -   , 1.37 , 2.03 , 2.59 ,
67, (0.09),M,Hughes,CPL, 4.9 , 46.30 , 0.025 , 0.98 ,98%, 1.24 , 1.06 , 0.89 , 1.54 , 0.88 , 1.04 , 0.90 ,
68, 0.02 ,M,Harrison (Jack),EVE, 5.5 , 76.13 , 0.043 , 3.29 ,94%, 2.62 , 3.23 , 3.38 , 3.25 , 3.45 , 2.30 , 3.54 ,
69, (0.04),M,Garner,EVE, 4.9 , 80.00 , 0.034 , 2.69 ,94%, 2.26 , 2.64 , 2.76 , 2.66 , 2.82 , 1.88 , 2.90 ,
70, (0.07),M,Mvom Onana,EVE, 4.7 , 69.82 , 0.031 , 1.96 ,94%, 1.96 , 1.92 , 2.39 , 2.30 , 2.22 , 1.37 , 2.11 ,
71, (0.10),M,Gueye,EVE, 4.8 , 21.65 , 0.027 , 1.71 ,94%, 0.45 , 1.18 , -   , -   , 0.37 , 0.47 , 1.47 ,
72, 0.12 ,M,McNeil,EVE, 5.4 , 86.20 , 0.045 , 3.88 ,94%, 3.26 , 3.81 , 3.98 , 3.83 , 4.07 , 2.71 , 4.18 ,
73, 0.05 ,M,Doucour� (Abdoulaye),EVE, 5.5 , 74.75 , 0.045 , 3.75 ,94%, 2.09 , 3.20 , 3.85 , 3.71 , 3.94 , 2.63 , 4.04 ,
74, (0.11),M,Danjuma Groeneveld,EVE, 5.2 , 13.00 , 0.050 , 0.65 ,94%, 0.54 , 0.63 , 0.66 , 0.64 , 0.68 , 0.45 , 0.70 ,
75, 0.05 ,M,Willian,FUL, 5.3 , 57.11 , 0.057 , 3.76 ,98%, 2.03 , 2.71 , 3.46 , 3.98 , 3.98 , 4.36 , 3.87 ,
76, 0.11 ,M,Iwobi,FUL, 5.3 , 78.20 , 0.046 , 3.62 ,98%, 3.69 , 3.12 , 3.32 , 3.83 , 3.83 , 4.19 , 3.72 ,
77, 0.02 ,M,Pereira (Andreas),FUL, 5.3 , 69.00 , 0.046 , 3.16 ,98%, 3.22 , 2.73 , 2.90 , 3.35 , 3.35 , 3.66 , 3.25 ,
78, (0.04),M,Cairney,FUL, 4.9 , 62.00 , 0.042 , 2.59 ,98%, 2.64 , 2.24 , 2.38 , 2.75 , 2.75 , 3.01 , 2.66 ,
79, (0.03),M,Wilson (Harry),FUL, 5.3 , 60.53 , 0.046 , 2.70 ,98%, 3.08 , 2.33 , 2.48 , 2.85 , 2.85 , 3.13 , 2.77 ,
80, (0.10),M,Lukic,FUL, 4.3 , 10.00 , 0.032 , 0.32 ,98%, 0.33 , 0.28 , 0.29 , 0.34 , 0.34 , 0.37 , 0.33 ,
81, (0.11),M,DeCordova-Reid,FUL, 5.4 , 24.00 , 0.041 , 0.98 ,98%, 1.00 , 0.84 , 0.90 , 1.03 , 1.03 , 1.13 , 1.00 ,
82, (0.10),M,Reed,FUL, 4.6 , 22.00 , 0.029 , 0.64 ,98%, 0.65 , 0.55 , 0.59 , 0.68 , 0.68 , 0.74 , 0.66 ,
83, (0.06),M,Jo�o Palhinha,FUL, 5.0 , 91.00 , 0.025 , 2.27 ,98%, 2.31 , 1.96 , 2.08 , 2.40 , 2.40 , 2.63 , 2.33 ,
84, (0.11),M,Traor� (Adama),FUL, 4.9 , 8.13 , 0.042 , 0.38 ,98%, 0.21 , 0.32 , 0.35 , 0.40 , 0.40 , 0.44 , 0.39 ,
85, (1.00),M,0,FUL, 100.0 , -   , -   , -   ,98%, -   , -   , -   , -   , -   , -   , -   ,
86, (0.11),M,Thiago Alc�ntara,LIV, 5.0 , 15.32 , 0.032 , 1.13 ,101%, -   , -   , 0.39 , 0.82 , 0.81 , 1.52 , 1.39 ,
87, (0.09),M,Elliott,LIV, 4.8 , 27.05 , 0.048 , 1.21 ,101%, 1.54 , 1.38 , 1.23 , 1.28 , 0.88 , 1.63 , 1.49 ,
88, (0.10),M,Endo,LIV, 5.4 , 30.96 , 0.034 , 1.47 ,101%, 2.35 , 2.10 , -   , -   , 0.15 , 0.46 , 0.97 ,
89, (0.04),M,Mac Allister,LIV, 5.8 , 53.19 , 0.040 , 3.07 ,101%, 0.64 , 1.33 , 2.66 , 3.25 , 2.22 , 4.15 , 3.79 ,
90, 0.09 ,M,Szoboszlai,LIV, 7.1 , 78.50 , 0.046 , 3.58 ,101%, 3.79 , 3.40 , 3.65 , 3.79 , 2.59 , 4.83 , 4.41 ,
91, (0.09),M,Jones (Curtis),LIV, 5.0 , 34.52 , 0.036 , 0.98 ,101%, 1.92 , 1.37 , 1.00 , 1.03 , 0.71 , 1.32 , 1.20 ,
92, (0.09),M,Gravenberch,LIV, 5.0 , 40.44 , 0.033 , 1.25 ,101%, 1.40 , 1.41 , 1.41 , 1.33 , 0.91 , 1.69 , 1.55 ,
93, 0.01 ,M,Diogo Jota,LIV, 7.7 , 42.73 , 0.064 , 3.25 ,101%, 1.01 , 2.00 , 3.96 , 3.91 , 2.54 , 4.38 , 4.00 ,
94, (1.00),M,Carvalho,LIV, 100.0 , -   , 0.053 , -   ,101%, -   , -   , -   , -   , -   , -   , -   ,
95, (1.00),M,0,LIV, 100.0 , -   , -   , -   ,101%, -   , -   , -   , -   , -   , -   , -   ,
96, 0.18 ,M,Salah,LIV, 13.3 , 57.67 , 0.078 , 6.92 ,101%, 7.32 , 6.57 , -   , 1.65 , 2.75 , 6.50 , 7.85 ,
97, 0.03 ,M,D�az,LIV, 7.4 , 63.65 , 0.049 , 3.09 ,101%, 2.80 , 2.93 , 3.65 , 3.63 , 2.24 , 4.17 , 3.81 ,
98, (1.00),M,0,LIV, 100.0 , -   , -   , -   ,101%, -   , -   , -   , -   , -   , -   , -   ,
99, (0.10),M,Ruddock Mpanzu,LUT, 4.7 , 16.11 , 0.030 , 0.83 ,110%, 0.92 , 0.87 , -   , -   , 0.27 , 0.60 , 0.96 ,
100, 0.05 ,M,Townsend,LUT, 5.0 , 68.09 , 0.043 , 2.91 ,110%, 3.47 , 3.08 , 3.10 , 3.02 , 2.66 , 4.24 , 3.94 ,
101, (0.10),M,Clark,LUT, 4.8 , 21.00 , 0.030 , 0.63 ,110%, 0.70 , 0.66 , 0.67 , 0.65 , 0.58 , 0.92 , 0.85 ,
102, (0.07),M,Sambi Lokonga,LUT, 4.9 , 68.00 , 0.026 , 1.77 ,110%, 1.97 , 1.87 , 1.89 , 1.84 , 1.62 , 2.59 , 2.40 ,
103, (0.06),M,Nakamba,LUT, 4.4 , 80.94 , 0.022 , 1.86 ,110%, 1.72 , 1.96 , 1.98 , 1.93 , 1.70 , 2.71 , 2.51 ,
104, 0.07 ,M,Barkley,LUT, 4.9 , 82.00 , 0.037 , 3.07 ,110%, 3.42 , 3.25 , 3.28 , 3.19 , 2.82 , 4.49 , 4.16 ,
105, (0.10),M,Chong,LUT, 4.8 , 21.00 , 0.033 , 0.70 ,110%, 0.78 , 0.74 , 0.75 , 0.73 , 0.64 , 1.03 , 0.95 ,
106, 0.16 ,M,Bernardo Silva,MCI, 6.4 , 76.79 , 0.049 , 3.64 ,109%, 3.61 , 4.71 , 3.12 , 4.36 , 3.43 , 3.85 , 6.21 ,
107, (1.00),M,0,MCI, 100.0 , -   , -   , -   ,109%, -   , -   , -   , -   , -   , -   , -   ,
108, 0.10 ,M,Grealish,MCI, 7.2 , 60.08 , 0.058 , 3.42 ,109%, 3.40 , 4.28 , 2.93 , 4.09 , 3.22 , 3.61 , 5.82 ,
109, (0.07),M,Kovacic,MCI, 4.7 , 40.00 , 0.039 , 1.57 ,109%, 1.44 , 1.97 , 1.35 , 1.88 , 1.48 , 1.66 , 2.68 ,
110, (0.10),M,Matheus Nunes,MCI, 4.8 , 16.00 , 0.036 , 0.57 ,109%, 0.52 , 0.71 , 0.49 , 0.68 , 0.54 , 0.60 , 0.97 ,
111, 0.11 ,M,Rodri,MCI, 5.6 , 85.03 , 0.040 , 3.41 ,109%, 3.03 , 4.27 , 2.92 , 4.08 , 3.21 , 3.60 , 5.81 ,
112, (0.00),M,Doku,MCI, 6.5 , 47.50 , 0.056 , 2.84 ,109%, 1.79 , 3.56 , 2.44 , 3.41 , 2.68 , 3.01 , 4.85 ,
113, (1.00),M,0,MCI, 100.0 , -   , -   , -   ,109%, -   , -   , -   , -   , -   , -   , -   ,
114, 0.19 ,M,Foden,MCI, 7.6 , 70.05 , 0.060 , 4.05 ,109%, 3.99 , 5.44 , 3.47 , 4.85 , 3.81 , 4.28 , 6.90 ,
115, 0.15 ,M,De Bruyne,MCI, 10.2 , 54.60 , 0.073 , 5.28 ,109%, 1.67 , 3.65 , 4.18 , 6.11 , 4.97 , 5.58 , 9.00 ,
116, (0.11),M,Phillips (Kalvin),MCI, 4.7 , 3.00 , 0.031 , 0.09 ,109%, 0.09 , 0.12 , 0.08 , 0.11 , 0.09 , 0.10 , 0.16 ,
117, 0.26 ,M,Bruno Fernandes,MUN, 8.2 , 89.50 , 0.056 , 5.00 ,102%, 5.14 , 5.22 , 5.26 , 4.91 , 5.44 , 4.44 , 5.41 ,
118, (0.11),M,Amrabat,MUN, 5.0 , 20.55 , 0.021 , 0.68 ,102%, 0.81 , 0.71 , -   , -   , 0.35 , 0.42 , 0.69 ,
119, (0.11),M,Van de Beek,MUN, 4.7 , 1.00 , 0.040 , 0.04 ,102%, 0.04 , 0.04 , 0.04 , 0.04 , 0.04 , 0.04 , 0.04 ,
120, (0.08),M,Eriksen,MUN, 5.8 , 43.50 , 0.044 , 2.17 ,102%, 1.36 , 1.94 , 2.28 , 2.13 , 2.36 , 1.92 , 2.35 ,
121, 0.01 ,M,McTominay,MUN, 4.9 , 69.83 , 0.043 , 2.87 ,102%, 3.29 , 3.20 , 3.01 , 2.82 , 3.12 , 2.54 , 3.10 ,
122, (0.09),M,Casemiro,MUN, 5.3 , 29.61 , 0.038 , 3.02 ,102%, -   , -   , 0.79 , 1.47 , 2.45 , 2.68 , 3.27 ,
123, (0.12),M,Fred,MUN, 5.0 , -   , 0.039 , -   ,102%, -   , -   , -   , -   , -   , -   , -   ,
124, 0.05 ,M,Antony,MUN, 6.8 , 69.05 , 0.048 , 3.28 ,102%, 3.49 , 3.42 , 3.44 , 3.22 , 3.56 , 2.91 , 3.54 ,
125, (0.16),M,Sancho,MUN, 6.7 , 2.84 , 0.053 , 0.42 ,102%, -   , -   , -   , 0.21 , 0.46 , 0.38 , 0.46 ,
126, 0.01 ,M,Rashford,MUN, 8.5 , 48.91 , 0.062 , 3.10 ,102%, 2.86 , 3.23 , 3.25 , 3.04 , 3.36 , 2.75 , 3.35 ,
127, (0.13),M,Mount,MUN, 6.8 , 22.22 , 0.045 , 2.48 ,102%, -   , -   , 0.95 , 1.55 , 1.96 , 2.20 , 2.69 ,
128, 0.09 ,M,Garnacho,MUN, 4.7 , 62.40 , 0.054 , 3.27 ,102%, 3.71 , 3.55 , 3.43 , 3.21 , 3.55 , 2.90 , 3.53 ,
129, (1.00),M,0,MUN, 100.0 , -   , -   , -   ,102%, -   , -   , -   , -   , -   , -   , -   ,
130, (0.08),M,Anderson,NEW, 4.2 , 22.53 , 0.043 , 1.21 ,99%, 0.51 , 0.70 , 1.01 , 1.07 , 1.47 , 1.26 , 1.40 ,
131, (0.02),M,Joelinton,NEW, 5.8 , 64.86 , 0.041 , 3.30 ,99%, 1.69 , 1.82 , 2.57 , 2.93 , 4.03 , 3.44 , 3.83 ,
132, 0.07 ,M,Bruno Guimar�es,NEW, 5.8 , 91.00 , 0.038 , 3.43 ,99%, 4.06 , 2.78 , 2.89 , 3.05 , 4.19 , 3.58 , 3.98 ,
133, 0.14 ,M,Almir�n,NEW, 6.2 , 74.60 , 0.052 , 3.88 ,99%, 4.59 , 3.14 , 3.26 , 3.44 , 4.74 , 4.04 , 4.50 ,
134, (0.03),M,Longstaff (Sean),NEW, 4.9 , 71.01 , 0.038 , 2.57 ,99%, 3.42 , 2.19 , 2.16 , 2.28 , 3.14 , 2.68 , 2.98 ,
135, (0.10),M,Willock,NEW, 5.3 , 20.65 , 0.043 , 2.09 ,99%, -   , -   , 0.54 , 1.13 , 2.55 , 2.18 , 2.42 ,
136, (0.10),M,Barnes (Harvey),NEW, 6.2 , 19.51 , 0.059 , 2.65 ,99%, -   , -   , 0.74 , 1.57 , 3.24 , 2.77 , 3.08 ,
137, (0.10),M,Jacob Murphy,NEW, 5.0 , 20.56 , 0.047 , 1.41 ,99%, -   , 0.57 , 1.18 , 1.25 , 1.72 , 1.47 , 1.63 ,
138, 0.21 ,M,Gordon (Anthony),NEW, 6.2 , 74.83 , 0.058 , 4.23 ,99%, 5.35 , 3.57 , 3.61 , 3.75 , 5.17 , 4.41 , 4.91 ,
139, (0.13),M,Tonali,NEW, 5.2 , -   , 0.030 , -   ,99%, -   , -   , -   , -   , -   , -   , -   ,
140, (0.06),M,Miley (Lewis),NEW, 4.5 , 36.73 , 0.046 , 1.39 ,99%, 2.85 , 1.50 , 1.17 , 1.23 , 1.70 , 1.45 , 1.61 ,
141, (0.10),M,Nicol�s Dom�nguez,NOT, 5.0 , 27.00 , 0.032 , 0.86 ,93%, 0.70 , 0.91 , 0.81 , 0.74 , 0.88 , 0.82 , 0.94 ,
142, 0.14 ,M,Gibbs-White,NOT, 5.7 , 84.00 , 0.048 , 4.05 ,93%, 3.28 , 4.29 , 3.82 , 3.50 , 4.13 , 3.85 , 4.40 ,
143, (0.08),M,Hudson-Odoi,NOT, 4.7 , 37.00 , 0.038 , 1.40 ,93%, 1.13 , 1.48 , 1.32 , 1.21 , 1.43 , 1.33 , 1.52 ,
144, (0.08),M,Yates,NOT, 4.8 , 63.00 , 0.029 , 1.83 ,93%, 1.48 , 1.93 , 1.72 , 1.58 , 1.86 , 1.74 , 1.99 ,
145, (0.10),M,Danilo,NOT, 5.3 , 37.00 , 0.033 , 1.22 ,93%, 0.98 , 1.29 , 1.14 , 1.05 , 1.24 , 1.15 , 1.32 ,
146, (0.08),M,Ibrahim Sangar�,NOT, 4.9 , 53.08 , 0.028 , 1.65 ,93%, 0.72 , 1.74 , 1.55 , 1.42 , 1.68 , 1.56 , 1.79 ,
147, (0.10),M,Kouyat�,NOT, 4.8 , 19.00 , 0.030 , 0.57 ,93%, 0.46 , 0.60 , 0.53 , 0.49 , 0.58 , 0.54 , 0.61 ,
148, (0.08),M,Mangala,NOT, 5.0 , 76.67 , 0.026 , 2.00 ,93%, 1.49 , 2.12 , 1.88 , 1.73 , 2.04 , 1.90 , 2.17 ,
149, 0.11 ,M,Elanga,NOT, 5.0 , 75.50 , 0.050 , 3.78 ,93%, 3.06 , 4.00 , 3.56 , 3.27 , 3.86 , 3.59 , 4.11 ,
150, (0.07),M,Vinicius Souza,SHU, 5.0 , 80.00 , 0.024 , 1.91 ,101%, 2.34 , 1.34 , 2.08 , 1.79 , 1.97 , 2.07 , 1.99 ,
151, (0.02),M,Hamer,SHU, 5.0 , 77.13 , 0.035 , 2.75 ,101%, 3.18 , 1.92 , 2.98 , 2.57 , 2.82 , 2.97 , 2.85 ,
152, (0.03),M,McAtee,SHU, 4.4 , 70.13 , 0.037 , 2.60 ,101%, 3.00 , 1.82 , 2.83 , 2.44 , 2.67 , 2.81 , 2.70 ,
153, (0.11),M,Fleck,SHU, 4.9 , 14.00 , 0.029 , 0.41 ,101%, 0.50 , 0.28 , 0.44 , 0.38 , 0.42 , 0.44 , 0.42 ,
154, (0.05),M,Norwood,SHU, 4.8 , 77.00 , 0.029 , 2.26 ,101%, 2.76 , 1.58 , 2.46 , 2.12 , 2.32 , 2.45 , 2.35 ,
155, (0.11),M,Osborn,SHU, 4.8 , 11.00 , 0.029 , 0.32 ,101%, 0.39 , 0.22 , 0.34 , 0.30 , 0.32 , 0.34 , 0.33 ,
156, (0.09),M,Ben Slimane,SHU, 4.7 , 30.53 , 0.039 , 1.14 ,101%, 1.72 , 0.80 , 1.23 , 1.06 , 1.17 , 1.23 , 1.18 ,
157, 0.08 ,M,Johnson (Brennan),TOT, 5.8 , 67.04 , 0.052 , 2.92 ,98%, 3.60 , 4.53 , 3.49 , 3.16 , 2.68 , 3.03 , 3.28 ,
158, (0.06),M,Sarr (Pape),TOT, 4.5 , 41.82 , 0.038 , 2.73 ,98%, 2.45 , 3.16 , -   , -   , 0.53 , 2.15 , 3.06 ,
159, 0.22 ,M,Richarlison,TOT, 6.7 , 70.60 , 0.064 , 3.85 ,98%, 4.09 , 5.21 , 4.36 , 5.13 , 4.30 , 4.46 , 4.32 ,
160, (0.08),M,Skipp,TOT, 4.6 , 45.54 , 0.029 , 0.55 ,98%, 1.17 , 1.51 , 1.59 , 1.88 , 1.33 , 0.57 , 0.62 ,
161, (0.07),M,Lo Celso,TOT, 4.8 , 43.33 , 0.042 , 1.10 ,98%, 1.60 , 2.46 , 2.33 , 2.06 , 1.36 , 1.14 , 1.24 ,
162, (0.10),M,Solomon,TOT, 5.1 , 18.25 , 0.057 , 2.07 ,98%, -   , -   , 0.95 , 2.24 , 1.90 , 2.15 , 2.32 ,
163, 0.18 ,M,Kulusevski,TOT, 7.2 , 87.21 , 0.050 , 4.20 ,98%, 3.96 , 5.12 , 4.05 , 4.74 , 3.86 , 4.36 , 4.72 ,
164, 0.14 ,M,Son,TOT, 9.8 , 49.08 , 0.073 , 6.34 ,98%, 5.69 , 7.35 , -   , 0.47 , 1.20 , 2.87 , 6.12 ,
165, (0.11),M,Bissouma,TOT, 5.0 , 14.65 , 0.027 , 1.82 ,98%, -   , -   , -   , -   , 0.92 , 1.41 , 2.04 ,
166, (0.10),M,Maddison,TOT, 7.8 , 19.55 , 0.064 , 5.13 ,98%, -   , -   , -   , 1.39 , 2.36 , 4.00 , 5.76 ,
167, (0.09),M,H�jbjerg,TOT, 5.2 , 42.31 , 0.031 , 0.84 ,98%, 1.20 , 1.54 , 1.42 , 1.68 , 1.22 , 0.87 , 0.94 ,
168, (0.08),M,Bentancur,TOT, 5.4 , 44.03 , 0.036 , 2.59 ,98%, -   , 1.03 , 1.63 , 2.80 , 2.38 , 2.69 , 2.91 ,
169, (0.11),M,Benrahma,WHM, 5.6 , 17.45 , 0.051 , 0.61 ,97%, 0.44 , 0.64 , 1.71 , 1.78 , 0.56 , 0.53 , 0.64 ,
170, (0.04),M,Kudus,WHM, 6.8 , 46.18 , 0.050 , 3.76 ,97%, 2.91 , 4.07 , -   , -   , 0.73 , 2.36 , 3.91 ,
171, 0.26 ,M,Bowen,WHM, 7.8 , 89.70 , 0.057 , 5.13 ,97%, 3.71 , 5.33 , 5.71 , 5.95 , 4.71 , 4.43 , 5.35 ,
172, 0.13 ,M,Lucas Paquet�,WHM, 6.0 , 84.50 , 0.046 , 3.87 ,97%, 2.80 , 4.02 , 4.31 , 4.49 , 3.56 , 3.35 , 4.04 ,
173, (0.10),M,Fornals,WHM, 4.6 , 18.00 , 0.043 , 0.77 ,97%, 0.55 , 0.79 , 0.85 , 0.89 , 0.70 , 0.66 , 0.80 ,
174, (0.08),M,�lvarez (Edson),WHM, 5.0 , 77.00 , 0.023 , 1.80 ,97%, 1.30 , 1.87 , 2.00 , 2.09 , 1.65 , 1.56 , 1.88 ,
175, 0.13 ,M,Ward-Prowse,WHM, 6.0 , 89.10 , 0.044 , 3.91 ,97%, 2.83 , 4.06 , 4.35 , 4.53 , 3.59 , 3.38 , 4.08 ,
176, (0.13),M,Cornet,WHM, 5.2 , 1.00 , 0.048 , 0.05 ,97%, 0.03 , 0.05 , 0.05 , 0.06 , 0.04 , 0.04 , 0.05 ,
177, (0.01),M,Soucek,WHM, 4.9 , 79.20 , 0.037 , 2.96 ,97%, 2.14 , 3.07 , 3.29 , 3.43 , 2.72 , 2.56 , 3.09 ,
178, (0.04),M,Lemina,WOL, 4.9 , 86.00 , 0.031 , 2.66 ,99%, 2.51 , 2.82 , 2.39 , 2.82 , 2.44 , 2.88 , 2.42 ,
179, (0.08),M,Bellegarde,WOL, 4.9 , 47.25 , 0.034 , 1.75 ,99%, 0.65 , 1.85 , 1.88 , 2.21 , 1.60 , 1.89 , 1.59 ,
180, (0.13),M,Podence,WOL, 5.3 , -   , 0.045 , -   ,99%, -   , -   , -   , -   , -   , -   , -   ,
181, (0.00),M,Neto (Pedro),WOL, 5.6 , 58.51 , 0.046 , 3.88 ,99%, 0.65 , 2.18 , 2.68 , 4.10 , 3.56 , 4.19 , 3.53 ,
182, (0.00),M,Hwang Hee-Chan,WOL, 5.7 , 48.18 , 0.050 , 3.85 ,99%, 3.63 , 4.08 , -   , -   , 1.95 , 3.12 , 3.51 ,
183, (1.00),M,Gon�alo Guedes,WOL, 100.0 , -   , 0.044 , -   ,99%, -   , -   , -   , -   , -   , -   , -   ,
184, (0.07),M,Jo�o Gomes,WOL, 4.9 , 76.48 , 0.025 , 1.92 ,99%, 1.92 , 2.04 , 1.73 , 2.04 , 1.77 , 2.08 , 1.75 ,
185, (1.00),M,0,WOL, 100.0 , -   , -   , -   ,99%, -   , -   , -   , -   , -   , -   , -   ,
186, 0.13 ,M,Sarabia,WOL, 4.7 , 65.51 , 0.056 , 2.84 ,99%, 3.67 , 3.83 , 3.65 , 4.30 , 3.07 , 3.07 , 2.59 ,
,,,,,,,,,,,,,,,,,
1, (0.11),F,Eddie Nketiah,ARS, 5.4 , 17.00 , 0.057 , 0.96 ,103%, 1.05 , 0.95 , 1.04 , 1.00 , 0.91 , 0.91 , 1.02 ,
2, 0.22 ,F,Jesus,ARS, 8.0 , 76.60 , 0.060 , 4.63 ,103%, 5.02 , 4.57 , 4.98 , 4.82 , 4.39 , 4.38 , 4.89 ,
3, (1.00),F,0,ARS, 100.0 , -   , -   , -   ,103%, -   , -   , -   , -   , -   , -   , -   ,
4, (1.00),F,0,ARS, 100.0 , -   , -   , -   ,103%, -   , -   , -   , -   , -   , -   , -   ,
5, (1.00),F,Davis (Keinan),AVL, 100.0 , -   , 0.043 , -   ,103%, -   , -   , -   , -   , -   , -   , -   ,
6, (1.00),F,0,AVL, 100.0 , -   , -   , -   ,103%, -   , -   , -   , -   , -   , -   , -   ,
7, (0.11),F,Dur�n,AVL, 5.0 , 14.00 , 0.035 , 0.49 ,103%, 0.45 , 0.59 , 0.45 , 0.47 , 0.55 , 0.52 , 0.48 ,
8, 0.22 ,F,Watkins,AVL, 8.8 , 90.50 , 0.054 , 4.86 ,103%, 4.46 , 5.82 , 4.46 , 4.61 , 5.40 , 5.14 , 4.80 ,
9, (0.04),F,Semenyo,BOU, 4.6 , 54.31 , 0.044 , 2.40 ,104%, 2.94 , 2.13 , 2.25 , 2.22 , 3.07 , 2.62 , 2.19 ,
10, 0.36 ,F,Solanke,BOU, 6.9 , 90.50 , 0.057 , 5.16 ,104%, 5.82 , 4.70 , 4.95 , 4.88 , 6.77 , 5.76 , 4.82 ,
11, (0.10),F,Moore,BOU, 4.7 , 9.00 , 0.047 , 0.43 ,104%, 0.48 , 0.39 , 0.41 , 0.40 , 0.56 , 0.48 , 0.40 ,
12, (1.00),F,0,BOU, 100.0 , -   , -   , -   ,104%, -   , -   , -   , -   , -   , -   , -   ,
13, 0.08 ,F,Toney,BRE, 7.9 , 48.45 , 0.058 , 2.83 ,104%, -   , -   , 5.31 , 4.51 , 4.17 , 4.87 , 6.78 ,
14, (0.01),F,Wissa,BRE, 5.8 , 48.14 , 0.046 , 2.20 ,104%, 4.11 , 3.43 , -   , -   , 1.50 , 2.39 , 4.45 ,
15, (0.03),F,Maupay,BRE, 4.9 , 53.97 , 0.046 , 2.48 ,104%, 3.24 , 2.71 , 2.90 , 1.92 , 1.77 , 2.07 , 2.89 ,
16, (0.13),F,Undav,BRI, 5.5 , -   , 0.051 , -   ,105%, -   , -   , -   , -   , -   , -   , -   ,
17, (0.06),F,Ferguson (Evan),BRI, 6.0 , 54.70 , 0.043 , 2.37 ,105%, 2.27 , 2.17 , 2.77 , 2.67 , 2.66 , 2.25 , 2.75 ,
18, (0.07),F,Welbeck,BRI, 5.7 , 48.00 , 0.047 , 2.28 ,105%, 2.39 , 2.16 , 2.56 , 2.46 , 2.45 , 2.07 , 2.54 ,
19, 0.03 ,F,Jo�o Pedro,BRI, 5.4 , 61.12 , 0.050 , 3.03 ,105%, 3.07 , 2.77 , 3.67 , 3.54 , 3.15 , 2.66 , 3.25 ,
20, (0.13),F,Weghorst,BUR, 5.5 , -   , 0.038 , -   ,94%, -   , -   , -   , -   , -   , -   , -   ,
21, (0.04),F,Rodriguez,BUR, 5.3 , 49.33 , 0.050 , 2.46 ,94%, 1.32 , 1.99 , 3.89 , 2.23 , 2.98 , 2.13 , 2.28 ,
22, (0.03),F,Amdouni,BUR, 5.3 , 76.50 , 0.037 , 2.85 ,94%, 2.71 , 2.53 , 3.48 , 2.00 , 3.22 , 2.31 , 2.46 ,
23, (0.09),F,Foster,BUR, 4.8 , 31.96 , 0.043 , 1.36 ,94%, 2.43 , 2.08 , -   , -   , 0.72 , 1.04 , 1.47 ,
24, 0.17 ,F,Nkunku,CHE, 7.3 , 72.86 , 0.058 , 4.25 ,99%, 4.33 , 4.54 , 5.06 , 3.63 , 4.71 , 3.93 , 2.94 ,
25, (0.06),F,Jackson (Nicolas),CHE, 6.9 , 32.25 , 0.055 , 1.76 ,99%, 3.58 , 3.19 , -   , -   , 0.92 , 1.33 , 1.91 ,
26, (1.00),F,Fofana (David Datro),CHE, 100.0 , -   , 0.051 , -   ,99%, -   , -   , -   , -   , -   , -   , -   ,
27, (1.00),F,0,CHE, 100.0 , -   , -   , -   ,99%, -   , -   , -   , -   , -   , -   , -   ,
28, (1.00),F,0,CHE, 100.0 , -   , -   , -   ,99%, -   , -   , -   , -   , -   , -   , -   ,
29, (0.09),F,Broja,CHE, 4.9 , 26.18 , 0.049 , 1.28 ,99%, 1.84 , 1.11 , 1.54 , 1.10 , 1.15 , 0.96 , 0.72 ,
30, (1.00),F,0,CHE, 100.0 , -   , -   , -   ,99%, -   , -   , -   , -   , -   , -   , -   ,
31, (1.00),F,0,CHE, 100.0 , -   , -   , -   ,99%, -   , -   , -   , -   , -   , -   , -   ,
32, (0.08),F,Mateta,CPL, 4.9 , 36.46 , 0.048 , 1.75 ,98%, 2.42 , 1.40 , 1.32 , 2.28 , 1.16 , 1.37 , 1.19 ,
33, (1.00),F,0,CPL, 100.0 , -   , -   , -   ,98%, -   , -   , -   , -   , -   , -   , -   ,
34, 0.02 ,F,Edouard,CPL, 5.4 , 65.61 , 0.046 , 3.03 ,98%, 1.70 , 3.60 , 2.48 , 4.29 , 2.99 , 3.52 , 3.06 ,
35, (0.11),F,Plange,CPL, 4.5 , -   , 0.029 , -   ,98%, -   , -   , -   , -   , -   , -   , -   ,
36, 0.12 ,F,Calvert-Lewin,EVE, 5.8 , 73.80 , 0.053 , 3.89 ,94%, 3.26 , 3.81 , 3.99 , 3.84 , 4.08 , 2.72 , 4.18 ,
37, (1.00),F,0,EVE, 100.0 , -   , -   , -   ,94%, -   , -   , -   , -   , -   , -   , -   ,
38, (0.12),F,Beto,EVE, 5.7 , 18.00 , 0.045 , 0.81 ,94%, 0.68 , 0.79 , 0.83 , 0.80 , 0.85 , 0.56 , 0.87 ,
39, (1.00),F,0,EVE, 100.0 , -   , -   , -   ,94%, -   , -   , -   , -   , -   , -   , -   ,
40, (1.00),F,0,FUL, 100.0 , -   , -   , -   ,98%, -   , -   , -   , -   , -   , -   , -   ,
41, (0.10),F,Carlos Vinicius,FUL, 5.0 , 21.90 , 0.044 , 0.97 ,98%, 1.58 , 0.84 , 0.69 , 0.80 , 0.80 , 0.87 , 0.77 ,
42, (0.03),F,Ra�l Jim�nez,FUL, 5.2 , 51.00 , 0.045 , 2.31 ,98%, -   , 2.35 , 2.79 , 3.21 , 3.21 , 3.52 , 3.12 ,
43, (0.09),F,Rodrigo Muniz,FUL, 4.4 , 28.68 , 0.033 , 0.95 ,98%, 1.95 , 0.71 , 0.58 , 0.66 , 0.66 , 0.73 , 0.64 ,
44, (0.05),F,Gakpo,LIV, 7.2 , 50.29 , 0.049 , 2.49 ,101%, 2.51 , 2.16 , 3.07 , 2.93 , 1.65 , 3.07 , 2.80 ,
45, 0.21 ,F,N��ez,LIV, 7.5 , 65.07 , 0.069 , 4.48 ,101%, 5.25 , 3.86 , 4.92 , 4.81 , 3.14 , 5.48 , 5.01 ,
46, (1.00),F,0,LIV, 100.0 , -   , -   , -   ,101%, -   , -   , -   , -   , -   , -   , -   ,
47, (1.00),F,0,LIV, 100.0 , -   , -   , -   ,101%, -   , -   , -   , -   , -   , -   , -   ,
48, (0.06),F,Brown,LUT, 4.9 , 63.31 , 0.033 , 2.10 ,110%, 2.51 , 2.18 , 2.20 , 2.14 , 1.89 , 3.01 , 2.79 ,
49, (0.08),F,Morris,LUT, 5.1 , 34.79 , 0.042 , 1.47 ,110%, 1.18 , 1.48 , 1.76 , 1.72 , 1.52 , 2.41 , 2.24 ,
50, (0.04),F,Adebayo,LUT, 4.8 , 62.16 , 0.037 , 2.32 ,110%, 2.91 , 2.61 , 2.31 , 2.25 , 1.99 , 3.16 , 2.93 ,
51, (0.08),F,Ogbene,LUT, 4.9 , 37.73 , 0.036 , 1.37 ,110%, 1.01 , 1.27 , 1.70 , 1.66 , 1.46 , 2.33 , 2.16 ,
52, (0.11),F,McAtee,LUT, 4.5 , -   , 0.032 , -   ,110%, -   , -   , -   , -   , -   , -   , -   ,
53, 0.36 ,F,Haaland,MCI, 13.9 , 67.66 , 0.091 , 6.18 ,109%, 3.19 , 6.40 , 6.18 , 9.17 , 7.20 , 8.10 , 13.05 ,
54, 0.24 ,F,�lvarez (Juli�n),MCI, 6.8 , 77.50 , 0.056 , 4.33 ,109%, 4.20 , 5.52 , 3.68 , 5.08 , 3.94 , 4.34 , 7.00 ,
55, (1.00),F,0,MUN, 100.0 , -   , -   , -   ,102%, -   , -   , -   , -   , -   , -   , -   ,
56, (1.00),F,0,MUN, 100.0 , -   , -   , -   ,102%, -   , -   , -   , -   , -   , -   , -   ,
57, 0.00 ,F,H�jlund,MUN, 6.8 , 66.00 , 0.045 , 2.96 ,102%, 3.04 , 3.09 , 3.11 , 2.91 , 3.21 , 2.62 , 3.20 ,
58, (0.11),F,Martial,MUN, 6.4 , 25.34 , 0.050 , 1.28 ,102%, 0.67 , 1.16 , 1.64 , 1.54 , 1.70 , 1.39 , 1.69 ,
59, (1.00),F,0,MUN, 100.0 , -   , -   , -   ,102%, -   , -   , -   , -   , -   , -   , -   ,
60, (1.00),F,0,NEW, 100.0 , -   , -   , -   ,99%, -   , -   , -   , -   , -   , -   , -   ,
61, (1.00),F,0,NEW, 100.0 , -   , -   , -   ,99%, -   , -   , -   , -   , -   , -   , -   ,
62, (1.00),F,0,NEW, 100.0 , -   , -   , -   ,99%, -   , -   , -   , -   , -   , -   , -   ,
63, 0.03 ,F,Isak,NEW, 7.6 , 57.09 , 0.057 , 3.27 ,99%, 4.14 , 2.60 , 2.70 , 2.85 , 3.92 , 3.35 , 3.72 ,
64, 0.13 ,F,Wilson (Callum),NEW, 7.9 , 58.34 , 0.070 , 4.09 ,99%, 4.64 , 3.35 , 3.48 , 3.67 , 5.05 , 4.31 , 4.79 ,
65, (0.02),F,Wood,NOT, 4.9 , 63.69 , 0.044 , 2.83 ,93%, 2.88 , 3.53 , 2.93 , 2.50 , 2.72 , 1.27 , 1.11 ,
66, (0.11),F,Ui-Jo,NOT, 4.4 , -   , 0.042 , -   ,93%, -   , -   , -   , -   , -   , -   , -   ,
67, (0.14),F,Awoniyi,NOT, 6.3 , 6.05 , 0.051 , 0.31 ,93%, -   , -   , -   , -   , -   , 0.96 , 2.20 ,
68, (0.11),F,Origi,NOT, 5.0 , 12.96 , 0.035 , 0.45 ,93%, 0.14 , 0.59 , 0.53 , 0.48 , 0.57 , 0.53 , 0.34 ,
69, (1.00),F,Dennis (Emmanuel),NOT, 100.0 , -   , 0.042 , -   ,93%, -   , -   , -   , -   , -   , -   , -   ,
70, (0.10),F,Brewster,SHU, 4.9 , 24.65 , 0.031 , 0.78 ,101%, 0.38 , 0.44 , 0.96 , 0.97 , 1.07 , 1.12 , 1.08 ,
71, (0.09),F,Osula,SHU, 4.3 , 25.48 , 0.030 , 0.75 ,101%, 0.36 , 0.41 , 1.06 , 0.92 , 1.00 , 1.06 , 1.01 ,
72, (0.05),F,McBurnie,SHU, 5.4 , 61.41 , 0.039 , 2.39 ,101%, 2.14 , 1.80 , 2.80 , 2.41 , 2.64 , 2.78 , 2.67 ,
73, (0.12),F,Traor� (B�nie),SHU, 5.2 , 7.00 , 0.037 , 0.26 ,101%, 0.31 , 0.18 , 0.28 , 0.24 , 0.26 , 0.28 , 0.27 ,
74, 0.04 ,F,Archer,SHU, 4.6 , 76.05 , 0.041 , 3.10 ,101%, 3.88 , 2.16 , 3.34 , 2.88 , 3.16 , 3.33 , 3.19 ,
75, (1.00),F,0,TOT, 100.0 , -   , -   , -   ,98%, -   , -   , -   , -   , -   , -   , -   ,
76, (0.11),F,Scarlett,TOT, 4.5 , -   , 0.048 , -   ,98%, -   , -   , -   , -   , -   , -   , -   ,
77, (0.13),F,Veliz,TOT, 5.4 , 5.21 , 0.042 , 0.22 ,98%, 0.15 , 0.20 , 0.31 , 0.37 , 0.16 , 0.18 , 0.19 ,
78, (1.00),F,0,TOT, 100.0 , -   , -   , -   ,98%, -   , -   , -   , -   , -   , -   , -   ,
79, (1.00),F,0,WAT, 100.0 , -   , -   , -   ,100%, -   , -   , -   , -   , -   , -   , -   ,
80, (1.00),F,0,WAT, 100.0 , -   , -   , -   ,100%, -   , -   , -   , -   , -   , -   , -   ,
81, (1.00),F,0,WAT, 100.0 , -   , -   , -   ,100%, -   , -   , -   , -   , -   , -   , -   ,
82, (1.00),F,0,WAT, 100.0 , -   , -   , -   ,100%, -   , -   , -   , -   , -   , -   , -   ,
83, (1.00),F,0,WBA, 100.0 , -   , -   , -   ,100%, -   , -   , -   , -   , -   , -   , -   ,
84, (1.00),F,0,WBA, 100.0 , -   , -   , -   ,100%, -   , -   , -   , -   , -   , -   , -   ,
85, (1.00),F,0,WBA, 100.0 , -   , -   , -   ,100%, -   , -   , -   , -   , -   , -   , -   ,
86, (1.00),F,0,WBA, 100.0 , -   , -   , -   ,100%, -   , -   , -   , -   , -   , -   , -   ,
87, (1.00),F,0,WBA, 100.0 , -   , -   , -   ,100%, -   , -   , -   , -   , -   , -   , -   ,
88, (0.13),F,Ings,WHM, 5.6 , 8.48 , 0.047 , 0.40 ,97%, 0.41 , 0.44 , 0.37 , 0.38 , 0.30 , 0.28 , 0.34 ,
89, (0.08),F,Antonio,WHM, 5.7 , 38.30 , 0.045 , 1.72 ,97%, 0.49 , 1.40 , 2.75 , 2.87 , 1.82 , 1.71 , 2.06 ,
90, (1.00),F,0,WHM, 100.0 , -   , -   , -   ,97%, -   , -   , -   , -   , -   , -   , -   ,
91, 0.11 ,F,Matheus Cunha,WOL, 5.8 , 85.20 , 0.043 , 3.69 ,99%, 3.47 , 3.90 , 3.31 , 3.90 , 3.38 , 3.99 , 3.35 ,
92, (0.13),F,Fabio Silva,WOL, 5.3 , 2.82 , 0.035 , 0.10 ,99%, 0.03 , 0.04 , 0.22 , 0.26 , 0.03 , 0.04 , 0.03 ,
93, (0.11),F,Kalajdzic,WOL, 5.5 , 14.54 , 0.056 , 0.82 ,99%, 0.53 , 0.59 , 1.26 , 1.49 , 0.52 , 0.61 , 0.51 ,
,,,,,,,,,,,,,,,,,
1, 0.22 ,D,Alexander-Arnold,LIV, 8.3 ,,,,, 5.40 , 4.95 , 4.73 , 4.58 , 2.74 , 6.12 , 6.29 ,
2, 0.10 ,D,Trippier,NEW, 6.9 ,,,,, 5.11 , 2.17 , 2.50 , 2.83 , 5.52 , 4.22 , 4.35 ,
3, 0.15 ,D,Pedro Porro,TOT, 5.6 ,,,,, 3.30 , 4.76 , 3.50 , 4.35 , 3.30 , 3.71 , 4.41 ,
4, 0.13 ,D,Virgil,LIV, 6.2 ,,,,, 4.25 , 3.81 , 3.56 , 3.59 , 2.22 , 4.84 , 5.03 ,
5, 0.16 ,D,Saliba,ARS, 5.5 ,,,,, 4.21 , 3.70 , 4.51 , 4.13 , 2.94 , 3.35 , 3.93 ,
6, 0.19 ,D,Zinchenko,ARS, 5.2 ,,,,, 4.37 , 3.79 , 4.54 , 4.15 , 3.05 , 3.39 , 4.02 ,
7, 0.19 ,D,Gabriel,ARS, 4.9 ,,,,, 4.35 , 3.78 , 4.54 , 4.06 , 2.90 , 3.27 , 3.88 ,
8, 0.11 ,D,Walker,MCI, 5.3 ,,,,, 3.22 , 4.20 , 3.05 , 3.96 , 3.08 , 3.44 , 5.27 ,
9, 0.13 ,D,White (Ben),ARS, 5.6 ,,,,, 4.29 , 3.30 , 4.42 , 3.91 , 2.80 , 3.15 , 3.77 ,
10, (0.03),D,Estupinan,BRI, 4.9 ,,,,, -   , -   , 2.80 , 3.79 , 3.84 , 2.14 , 3.77 ,
11, (0.02),D,Romero,TOT, 5.0 ,,,,, 1.77 , 3.24 , 2.52 , 3.49 , 2.66 , 2.93 , 3.64 ,
12, 0.03 ,D,Udogie,TOT, 4.8 ,,,,, 2.66 , 3.90 , 2.76 , 3.67 , 2.87 , 3.10 , 3.87 ,
13, (0.02),D,Schar,NEW, 5.3 ,,,,, 3.07 , 1.72 , 2.03 , 2.21 , 4.32 , 3.31 , 3.39 ,
14, 0.00 ,D,Pau,AVL, 4.7 ,,,,, 0.33 , 3.47 , 2.86 , 3.20 , 4.02 , 3.23 , 3.01 ,
15, 0.00 ,D,T.Silva,CHE, 5.0 ,,,,, 3.54 , 3.48 , 3.09 , 1.37 , 3.11 , 2.75 , 1.27 ,
16, 0.09 ,D,Stones,MCI, 5.3 ,,,,, 3.03 , 4.01 , 3.02 , 3.72 , 2.98 , 3.25 , 5.29 ,
17, 0.07 ,D,Colwill,CHE, 4.6 ,,,,, 3.98 , 3.86 , 3.50 , 1.55 , 3.35 , 2.94 , 1.40 ,
18, 0.04 ,D,Pinnock,BRE, 4.6 ,,,,, 3.89 , 3.27 , 4.01 , 1.85 , 1.82 , 2.78 , 2.79 ,
19, (0.02),D,Tarkowski,EVE, 4.5 ,,,,, 2.04 , 3.16 , 2.88 , 2.86 , 2.64 , 1.36 , 3.83 ,
20, (0.03),D,Mykolenko,EVE, 4.6 ,,,,, 2.05 , 3.10 , 2.79 , 2.71 , 2.57 , 1.38 , 3.66 ,
21, (0.02),D,Andersen,CPL, 4.9 ,,,,, 2.32 , 2.98 , 1.63 , 4.38 , 2.15 , 2.75 , 2.48 ,
22, 0.03 ,D,Konsa,AVL, 4.6 ,,,,, 2.59 , 3.95 , 2.66 , 2.97 , 3.79 , 2.99 , 2.79 ,
23, 0.02 ,D,Dunk,BRI, 5.0 ,,,,, 2.61 , 2.69 , 3.70 , 3.73 , 3.68 , 1.88 , 3.60 ,
24, (0.02),D,Akanji,MCI, 4.9 ,,,,, 2.45 , 3.16 , 2.26 , 3.05 , 2.44 , 2.75 , 4.27 ,
25, (0.03),D,Ake,MCI, 5.0 ,,,,, 2.42 , 3.13 , 2.23 , 2.91 , 2.47 , 2.64 , 4.19 ,
26, (0.01),D,Shaw,MUN, 5.2 ,,,,, 2.99 , 3.05 , 2.64 , 2.84 , 3.12 , 2.02 , 3.54 ,
27, 0.01 ,D,Burn,NEW, 4.4 ,,,,, 4.22 , 1.70 , 2.02 , 2.16 , 4.15 , 3.17 , 3.20 ,
28, (0.02),D,Mitchell,CPL, 4.7 ,,,,, 2.27 , 3.22 , 1.61 , 4.07 , 2.05 , 2.62 , 2.39 ,
29, 0.01 ,D,Konate,LIV, 4.9 ,,,,, 3.25 , 3.09 , 2.87 , 2.90 , 1.78 , 3.81 , 4.06 ,
30, 0.11 ,D,Ruben,MCI, 5.5 ,,,,, 3.27 , 4.22 , 3.10 , 3.78 , 3.17 , 3.30 , 5.35 ,
31, (0.01),D,Guehi,CPL, 4.5 ,,,,, 2.33 , 3.32 , 1.64 , 4.24 , 2.12 , 2.68 , 2.47 ,
32, (0.06),D,Van de Ven,TOT, 4.4 ,,,,, -   , -   , 0.91 , 3.32 , 2.57 , 2.77 , 3.46 ,
33, (0.05),D,Branthwaite,EVE, 4.1 ,,,,, 1.76 , 2.70 , 2.46 , 2.42 , 2.23 , 1.15 , 3.28 ,
34, (0.05),D,Alex Moreno,AVL, 5.0 ,,,,, 2.00 , 2.86 , 1.97 , 2.19 , 2.72 , 2.33 , 2.03 ,
35, (0.02),D,Zouma,WHM, 4.5 ,,,,, 1.58 , 2.69 , 3.72 , 3.22 , 2.22 , 2.04 , 3.11 ,
36, 0.03 ,D,Gvardiol,MCI, 4.8 ,,,,, 2.77 , 3.55 , 2.72 , 3.43 , 2.72 , 2.92 , 4.77 ,
37, (0.12),D,James (Reece),CHE, 5.3 ,,,,, -   , -   , 0.36 , 0.61 , 1.16 , 1.34 , 0.56 ,
38, (0.04),D,Dawson,WOL, 4.5 ,,,,, 2.21 , 2.98 , 1.99 , 2.72 , 1.90 , 3.02 , 1.62 ,
39, (0.03),D,Coufal,WHM, 4.6 ,,,,, 1.43 , 2.21 , 3.49 , 3.04 , 2.06 , 1.88 , 2.88 ,
40, (0.03),D,Emerson,WHM, 4.5 ,,,,, 1.47 , 2.60 , 3.56 , 3.05 , 2.09 , 1.89 , 2.83 ,
41, (0.04),D,Kilman,WOL, 4.5 ,,,,, 2.48 , 3.00 , 1.91 , 2.63 , 1.84 , 2.88 , 1.56 ,
42, (0.04),D,Robinson,FUL, 4.4 ,,,,, 2.56 , 1.85 , 2.02 , 2.92 , 2.92 , 2.94 , 2.39 ,
43, (0.01),D,Doughty,LUT, 4.4 ,,,,, 3.37 , 2.45 , 2.78 , 2.34 , 1.97 , 4.38 , 3.08 ,
44, (0.03),D,Botman,NEW, 4.5 ,,,,, 3.26 , 1.53 , 1.82 , 1.93 , 3.74 , 2.81 , 2.95 ,
45, (0.05),D,N.Semedo,WOL, 4.5 ,,,,, 2.43 , 2.55 , 1.92 , 2.60 , 1.82 , 2.84 , 1.56 ,
46, (0.07),D,Robertson,LIV, 6.4 ,,,,, -   , -   , 1.31 , 2.68 , 1.96 , 4.39 , 4.96 ,
47, (0.01),D,Diego Carlos,AVL, 4.4 ,,,,, 2.51 , 3.69 , 2.45 , 2.72 , 3.36 , 2.70 , 2.50 ,
48, (0.06),D,Dalot,MUN, 5.1 ,,,,, 2.24 , 2.59 , 1.99 , 2.04 , 2.19 , 1.52 , 2.57 ,
49, (0.02),D,Collins,BRE, 4.5 ,,,,, 3.55 , 2.95 , 3.18 , 1.35 , 1.26 , 2.00 , 1.95 ,
50, (0.04),D,Senesi,BOU, 4.5 ,,,,, 3.12 , 1.50 , 1.53 , 2.01 , 3.70 , 2.45 , 2.03 ,
51, (0.07),D,Young,EVE, 4.4 ,,,,, 0.54 , 1.53 , 2.26 , 2.21 , 2.07 , 1.08 , 3.04 ,
52, (0.04),D,N.Aguerd,WHM, 4.5 ,,,,, 1.28 , 2.61 , 2.75 , 2.84 , 2.02 , 1.84 , 3.03 ,
53, (0.06),D,Ait-Nouri,WOL, 4.5 ,,,,, 2.24 , 2.47 , 1.42 , 2.25 , 1.65 , 2.44 , 1.50 ,
54, (0.05),D,Castagne,FUL, 4.5 ,,,,, 2.25 , 1.92 , 1.84 , 2.61 , 2.66 , 2.64 , 2.18 ,
55, (0.04),D,Disasi,CHE, 4.9 ,,,,, 3.00 , 2.81 , 2.62 , 1.15 , 2.45 , 2.17 , 1.06 ,
56, (0.05),D,Beyer,BUR, 4.0 ,,,,, 1.45 , 1.53 , 3.63 , 0.81 , 2.65 , 0.86 , 1.54 ,
57, (0.04),D,Taylor,BUR, 4.0 ,,,,, 1.51 , 1.60 , 3.72 , 0.88 , 2.70 , 0.94 , 1.60 ,
58, (0.09),D,Ward (Joel),CPL, 4.5 ,,,,, -   , -   , 0.37 , 1.65 , 1.06 , 2.12 , 2.17 ,
59, (0.07),D,Wan-Bissaka,MUN, 4.4 ,,,,, 1.69 , 2.18 , 1.69 , 1.75 , 1.92 , 1.31 , 2.21 ,
60, (0.11),D,Tsimikas,LIV, 4.8 ,,,,, -   , -   , 0.42 , 0.71 , 0.46 , 1.36 , 0.93 ,
61, (0.05),D,Zabarnyi,BOU, 4.4 ,,,,, 2.70 , 1.39 , 1.41 , 1.81 , 3.44 , 2.26 , 1.86 ,
62, (0.08),D,Boly,NOT, 4.5 ,,,,, -   , 2.27 , 1.51 , 1.34 , 1.74 , 1.91 , 2.24 ,
63, (0.05),D,Van Hecke,BRI, 4.0 ,,,,, 2.27 , 2.20 , 2.59 , 2.45 , 2.34 , 1.23 , 2.20 ,
64, (0.07),D,Kelly,BOU, 4.5 ,,,,, -   , 0.46 , 0.90 , 1.86 , 3.42 , 2.25 , 1.90 ,
65, (0.08),D,Hickey,BRE, 4.4 ,,,,, -   , -   , 1.40 , 1.33 , 1.63 , 2.43 , 2.47 ,
66, (0.02),D,Gomez,LIV, 4.5 ,,,,, 3.53 , 3.03 , 2.58 , 2.02 , 1.16 , 2.29 , 2.30 ,
67, (0.06),D,Murillo,NOT, 4.5 ,,,,, 1.79 , 2.37 , 2.16 , 1.58 , 1.90 , 2.02 , 2.27 ,
68, (0.06),D,Ahmedhodzic,SHU, 4.3 ,,,,, 2.47 , 0.65 , 2.13 , 1.98 , 1.66 , 2.45 , 1.65 ,
69, (0.05),D,Digne,AVL, 4.7 ,,,,, 2.02 , 2.79 , 1.90 , 2.15 , 2.66 , 2.11 , 2.08 ,
70, (0.06),D,Toti,WOL, 4.4 ,,,,, 2.05 , 2.41 , 1.61 , 2.10 , 1.47 , 2.28 , 1.28 ,
71, (0.09),D,Ajer,BRE, 4.5 ,,,,, -   , -   , 1.24 , 1.01 , 1.05 , 1.67 , 1.65 ,
72, (0.05),D,Vitinho,BUR, 4.4 ,,,,, 1.63 , 1.68 , 3.73 , 0.98 , 2.66 , 0.99 , 1.60 ,
73, (0.06),D,O'Shea,BUR, 4.4 ,,,,, 1.39 , 1.49 , 3.38 , 0.81 , 2.47 , 0.84 , 1.42 ,
74, (0.10),D,Tomiyasu,ARS, 4.5 ,,,,, -   , -   , 0.04 , 0.37 , 0.43 , 0.78 , 0.83 ,
75, (0.07),D,Patterson,EVE, 4.4 ,,,,, 1.53 , 2.13 , 1.47 , 1.49 , 1.39 , 0.83 , 1.84 ,
76, (0.05),D,Tosin,FUL, 4.3 ,,,,, 2.45 , 1.94 , 1.87 , 2.58 , 2.56 , 2.48 , 2.04 ,
77, (0.07),D,R.Varane,MUN, 4.9 ,,,,, 2.21 , 2.84 , 2.07 , 1.12 , 1.26 , 0.97 , 1.46 ,
78, 0.00 ,D,Gusto,CHE, 4.1 ,,,,, 3.78 , 3.46 , 3.05 , 1.37 , 2.99 , 2.36 , 1.21 ,
79, (0.05),D,Davies (Ben),TOT, 4.3 ,,,,, 2.12 , 3.11 , 2.00 , 1.69 , 1.23 , 1.41 , 1.57 ,
80, (0.09),D,Diop,FUL, 4.4 ,,,,, 0.81 , 0.83 , 0.87 , 1.11 , 1.11 , 1.31 , 1.02 ,
81, (0.08),D,Tete,FUL, 4.4 ,,,,, 1.16 , 1.11 , 1.07 , 1.53 , 1.42 , 1.63 , 1.32 ,
82, (0.10),D,Ream,FUL, 4.5 ,,,,, -   , -   , 0.42 , 1.19 , 1.16 , 1.41 , 1.07 ,
83, (0.04),D,Baldock,SHU, 3.9 ,,,,, 3.77 , 0.70 , 1.70 , 1.60 , 1.39 , 2.03 , 1.40 ,
84, (0.05),D,Evans,MUN, 4.0 ,,,,, 2.55 , 2.87 , 1.92 , 1.09 , 1.29 , 0.92 , 1.34 ,
85, (0.06),D,Kabore,LUT, 4.0 ,,,,, 2.77 , 1.85 , 0.04 , 0.35 , 1.37 , 3.24 , 2.55 ,
86, (0.06),D,Toffolo,NOT, 4.4 ,,,,, 1.84 , 2.35 , 2.29 , 1.66 , 2.01 , 2.04 , 2.32 ,
87, (0.07),D,Mee,BRE, 4.8 ,,,,, -   , -   , 3.58 , 1.59 , 1.58 , 2.24 , 2.35 ,
88, (0.10),D,Chilwell,CHE, 5.4 ,,,,, -   , 0.13 , 1.00 , 1.36 , 2.70 , 2.10 , 1.21 ,
89, (0.05),D,Osho,LUT, 4.4 ,,,,, 2.75 , 1.96 , 2.29 , 1.80 , 1.54 , 3.26 , 2.35 ,
90, (0.07),D,Cash,AVL, 4.7 ,,,,, -   , 2.61 , 1.65 , 1.84 , 2.34 , 1.85 , 1.77 ,
91, (0.04),D,B.Badiashile,CHE, 4.4 ,,,,, 2.99 , 2.78 , 2.68 , 1.06 , 2.44 , 1.91 , 0.94 ,
92, (0.06),D,Clyne,CPL, 4.4 ,,,,, 1.91 , 2.59 , 1.32 , 2.85 , 1.36 , 1.41 , 1.11 ,
93, (0.05),D,Bell,LUT, 3.9 ,,,,, 2.33 , 1.75 , 2.06 , 1.63 , 1.43 , 2.99 , 2.16 ,
94, (0.07),D,Aarons,BOU, 4.4 ,,,,, 1.38 , 1.08 , 1.43 , 1.69 , 3.11 , 2.00 , 1.74 ,
95, (0.06),D,Richards (Chris),CPL, 3.9 ,,,,, 1.56 , 2.27 , 1.15 , 2.80 , 1.39 , 1.62 , 1.44 ,
96, (0.07),D,Williams (Neco),NOT, 4.3 ,,,,, 1.65 , 2.11 , 1.90 , 1.35 , 1.62 , 1.74 , 1.89 ,
97, (0.06),D,Bassey,FUL, 4.4 ,,,,, 2.25 , 1.80 , 1.38 , 2.08 , 2.32 , 2.16 , 1.99 ,
98, (1.00),D,Robinson2,SHU,  ,,,,, 1.18 , 0.18 , 0.59 , 0.63 , 0.49 , 0.98 , 0.50 ,
99, (0.07),D,Livramento,NEW, 4.4 ,,,,, 2.40 , 1.04 , 1.08 , 1.00 , 1.87 , 1.52 , 1.59 ,
100, (0.05),D,Mengi,LUT, 3.9 ,,,,, 2.64 , 1.86 , 2.17 , 1.72 , 1.47 , 3.09 , 2.23 ,
,,,,,,,,,,,,,,,,,
1, 0.16 ,GK,A.Becker,LIV, 5.6 ,,,,, 4.08 , 3.87 , 3.75 , 3.76 , 3.30 , 4.53 , 5.17 ,
2, 0.23 ,GK,Ederson M.,MCI, 5.5 ,,,,, 3.91 , 4.68 , 3.90 , 4.39 , 3.81 , 3.99 , 6.35 ,
3, 0.12 ,GK,Leno,FUL, 4.8 ,,,,, 3.62 , 3.41 , 3.33 , 3.81 , 3.79 , 3.81 , 3.47 ,
4, 0.14 ,GK,Martinez,AVL, 5.2 ,,,,, 3.44 , 4.21 , 3.50 , 3.61 , 4.00 , 3.62 , 3.53 ,
5, 0.09 ,GK,Vicario,TOT, 5.3 ,,,,, 3.34 , 3.82 , 3.35 , 3.77 , 3.41 , 3.47 , 3.83 ,
6, 0.09 ,GK,Pickford,EVE, 4.4 ,,,,, 3.18 , 3.65 , 3.43 , 3.45 , 3.31 , 2.95 , 3.85 ,
7, 0.08 ,GK,Sa,WOL, 5.0 ,,,,, 3.39 , 3.70 , 3.17 , 3.44 , 3.12 , 3.56 , 3.04 ,
8, 0.20 ,GK,Raya,ARS, 4.9 ,,,,, 4.18 , 3.93 , 4.39 , 4.08 , 3.40 , 3.58 , 3.87 ,
9, 0.09 ,GK,Foderingham,SHU, 4.5 ,,,,, 3.96 , 3.12 , 3.39 , 3.29 , 3.19 , 3.59 , 3.18 ,
10, 0.10 ,GK,Neto (Murara),BOU, 4.6 ,,,,, 3.64 , 3.14 , 3.12 , 3.22 , 4.27 , 3.66 , 3.48 ,
11, (0.05),GK,Onana,MUN, 4.8 ,,,,, 3.43 , 3.66 , 1.01 , 1.41 , 1.90 , 2.26 , 3.75 ,
12, 0.14 ,GK,Flekken,BRE, 4.5 ,,,,, 3.79 , 3.57 , 4.10 , 3.09 , 3.04 , 3.35 , 4.78 ,
13, 0.06 ,GK,Trafford,BUR, 4.5 ,,,,, 3.12 , 3.10 , 3.96 , 2.99 , 3.41 , 2.93 , 2.98 ,
14, 0.04 ,GK,Dubravka,NEW, 4.2 ,,,,, 4.14 , 3.13 , 2.95 , 2.69 , 3.14 , 2.86 , 2.69 ,
15, 0.05 ,GK,Kaminski,LUT, 4.5 ,,,,, 3.41 , 3.11 , 3.14 , 3.01 , 3.20 , 3.90 , 4.14 ,
16, (0.09),GK,Henderson (Dean),CPL, 4.4 ,,,,, 2.36 , 2.60 , 1.30 , 1.96 , 1.42 , 1.71 , 1.56 ,
17, (0.14),GK,Fabianski,WHM, 4.2 ,,,,, 1.14 , 1.40 , 1.39 , 1.40 , 1.27 , 1.41 , 1.43 ,
18, (0.00),GK,Petrovic,CHE, 4.5 ,,,,, 3.90 , 3.85 , 3.42 , 2.36 , 2.51 , 1.64 , 0.91 ,
19, (0.10),GK,Verbruggen,BRI, 4.4 ,,,,, 1.77 , 1.82 , 2.07 , 2.10 , 2.05 , 1.64 , 2.02 ,
20, (0.22),GK,Sanchez (Robert),CHE, 4.6 ,,,,, -   , -   , 0.31 , 0.73 , 1.37 , 2.07 , 2.13 ,
21, (0.10),GK,Steele,BRI, 4.2 ,,,,, 1.69 , 1.74 , 1.90 , 1.93 , 1.98 , 1.58 , 1.92 ,
22, (0.04),GK,Turner,NOT, 3.9 ,,,,, 2.55 , 2.65 , 2.61 , 2.37 , 2.42 , 2.32 , 2.53 ,
